{"is_source_file": false, "format": "", "description": "", "external_files": [], "external_methods": [], "published": [], "classes": [], "methods": [], "calls": [], "search-terms": [], "state": 2, "file_id": 12, "knowledge_revision": 17, "git_revision": "96676777202056b950a28e2929b54552b3576187", "hash": "d33c0dfc5736e4f410073a294823500d", "format-version": 4, "code-base-name": "simple_notes_frontend", "filename": "README.md", "revision_history": [{"17": "96676777202056b950a28e2929b54552b3576187"}]}