{"is_source_file": true, "format": "JavaScript/ESM Module", "description": "ESLint configuration file specifying parser options, environment globals, and plugin rules for a frontend project.", "external_files": ["@eslint/js", "eslint-plugin-react"], "external_methods": ["pluginJs", "pluginReact", "pluginJs.configs.recommended"], "published": ["default"], "classes": [], "methods": [], "calls": ["pluginJs", "pluginReact", "pluginJs.configs.recommended"], "search-terms": ["eslint", "eslint-config", "eslint-plugin-react", "eslint", "plugin", "config", "rules", "parserOptions", "globals"], "state": 2, "file_id": 9, "knowledge_revision": 20, "git_revision": "05ee9d43d1c6f8af55417dbf2037974fcb87ba2c", "hash": "be6538e7523bc2e9da0743133d784136", "format-version": 4, "code-base-name": "simple_notes_frontend", "filename": "simple_notes_frontend/eslint.config.mjs", "revision_history": [{"20": "05ee9d43d1c6f8af55417dbf2037974fcb87ba2c"}]}