{"is_source_file": true, "format": "JavaScript", "description": "This is a test setup file for a React application, configuring Jest testing library with custom matchers from '@testing-library/jest-dom'.", "external_files": ["@testing-library/jest-dom"], "external_methods": [], "published": [], "classes": [], "methods": [], "calls": ["import '@testing-library/jest-dom'"], "search-terms": ["setupTests.js", "Jest", "Testing Library", "jest-dom", "React testing"], "state": 2, "file_id": 2, "knowledge_revision": 22, "git_revision": "05ee9d43d1c6f8af55417dbf2037974fcb87ba2c", "ctags": [], "hash": "1a77571e1a8cf36018a41bcedf60db75", "format-version": 4, "code-base-name": "simple_notes_frontend", "filename": "simple_notes_frontend/src/setupTests.js", "revision_history": [{"22": "05ee9d43d1c6f8af55417dbf2037974fcb87ba2c"}]}