{"is_source_file": true, "format": "JavaScript", "description": "This file is the entry point for a React front-end application. It imports React libraries, CSS, and the main App component, and renders the App component into the DOM.", "external_files": ["index.css", "App"], "external_methods": ["ReactDOM.createRoot", "root.render"], "published": ["React", "ReactDOM"], "classes": [], "methods": [{"name": "createRoot", "description": "Creates a React root for rendering the component tree."}, {"name": "render", "description": "Renders the specified React element into the root DOM node."}], "calls": ["ReactDOM.createRoot", "root.render"], "search-terms": ["React", "ReactDOM", "index.js", "entry point", "render", "createRoot"], "state": 2, "file_id": 5, "knowledge_revision": 24, "git_revision": "05ee9d43d1c6f8af55417dbf2037974fcb87ba2c", "ctags": [{"_type": "tag", "name": "root", "path": "/home/kavia/workspace/code-generation/simple-notes-app-317482-317491/simple_notes_frontend/src/index.js", "pattern": "/^const root = ReactDOM.createRoot(document.getElementById('root'));$/", "language": "JavaScript", "kind": "constant"}], "hash": "9fc5841375336fc175b49f8767a11383", "format-version": 4, "code-base-name": "simple_notes_frontend", "filename": "simple_notes_frontend/src/index.js", "revision_history": [{"24": "05ee9d43d1c6f8af55417dbf2037974fcb87ba2c"}]}