{"is_source_file": false, "format": "", "description": "", "external_files": [], "external_methods": [], "published": [], "classes": [], "methods": [], "calls": [], "search-terms": [], "state": 2, "file_id": 6, "knowledge_revision": 19, "git_revision": "05ee9d43d1c6f8af55417dbf2037974fcb87ba2c", "hash": "6c2104b8d219ed99234ae2d6329f4357", "format-version": 4, "code-base-name": "simple_notes_frontend", "filename": "simple_notes_frontend/src/index.css", "revision_history": [{"19": "05ee9d43d1c6f8af55417dbf2037974fcb87ba2c"}]}