{"is_source_file": false, "format": "", "description": "", "external_files": [], "external_methods": [], "published": [], "classes": [], "methods": [], "calls": [], "search-terms": ["CSS", "theme", "App styles", "CSS variables", "dark mode", "responsive", "theme toggle"], "state": 2, "file_id": 4, "knowledge_revision": 18, "git_revision": "05ee9d43d1c6f8af55417dbf2037974fcb87ba2c", "hash": "22f9e17cc1848b56dbb244518ac2707e", "format-version": 4, "code-base-name": "simple_notes_frontend", "filename": "simple_notes_frontend/src/App.css", "revision_history": [{"18": "05ee9d43d1c6f8af55417dbf2037974fcb87ba2c"}]}