{"is_source_file": false, "format": "", "description": "", "external_files": [], "external_methods": [], "published": [], "classes": [], "methods": [], "calls": [], "search-terms": [], "state": 2, "file_id": 7, "knowledge_revision": 16, "git_revision": "05ee9d43d1c6f8af55417dbf2037974fcb87ba2c", "hash": "d001d53c059625c4bcf75bf5a7f3fcf0", "format-version": 4, "code-base-name": "simple_notes_frontend", "filename": "simple_notes_frontend/package.json", "revision_history": [{"16": "05ee9d43d1c6f8af55417dbf2037974fcb87ba2c"}]}