{"is_source_file": false, "format": "", "description": "", "external_files": [], "external_methods": [], "published": [], "classes": [], "methods": [], "calls": [], "search-terms": [], "state": 2, "file_id": 8, "knowledge_revision": 15, "git_revision": "05ee9d43d1c6f8af55417dbf2037974fcb87ba2c", "hash": "ebece526bc2eadd78ddd787a76c56607", "format-version": 4, "code-base-name": "simple_notes_frontend", "filename": "simple_notes_frontend/README.md", "revision_history": [{"15": "05ee9d43d1c6f8af55417dbf2037974fcb87ba2c"}]}