{"is_source_file": false, "format": "", "description": "", "external_files": [], "external_methods": [], "published": [], "classes": [], "methods": [], "calls": [], "search-terms": [], "state": 2, "file_id": 10, "knowledge_revision": 21, "git_revision": "05ee9d43d1c6f8af55417dbf2037974fcb87ba2c", "hash": "d2b40d02d5f7873d8a6713bad837edd4", "format-version": 4, "code-base-name": "simple_notes_frontend", "filename": "simple_notes_frontend/public/index.html", "revision_history": [{"21": "05ee9d43d1c6f8af55417dbf2037974fcb87ba2c"}]}