{"is_source_file": false, "format": "", "description": "", "external_files": [], "external_methods": [], "published": [], "classes": [], "methods": [], "calls": [], "search-terms": [], "state": 2, "file_id": 11, "knowledge_revision": 14, "git_revision": "05ee9d43d1c6f8af55417dbf2037974fcb87ba2c", "hash": "d9d975cebe2ec20b6c652e1e4c12ccf0", "format-version": 4, "code-base-name": "simple_notes_frontend", "filename": "simple_notes_frontend/public/manifest.json", "revision_history": [{"14": "05ee9d43d1c6f8af55417dbf2037974fcb87ba2c"}]}